Ozellik,Katsayi
Avg_Spending,32.31246455877879
Quantity,27.478830175948477
Price,22.68240459072405
