precision,recall,f1-score,support
0.0,0.0,0.0,65624.0
0.1951234469478616,1.0,0.3265327066357423,15909.0
0.1951234469478616,0.1951234469478616,0.1951234469478616,0.1951234469478616
0.0975617234739308,0.5,0.16326635331787115,81533.0
0.03807315954881496,0.1951234469478616,0.06371418725998092,81533.0
