precision,recall,f1-score,support
0.9962869470779888,0.9622935714791977,0.9789952625772446,70545.0
0.803021327014218,0.977201045327566,0.8815901792610057,11097.0
0.9643198353788491,0.9643198353788491,0.9643198353788491,0.9643198353788491
0.8996541370461034,0.9697473084033819,0.9302927209191252,81642.0
0.9700177647227346,0.9643198353788491,0.9657557019398237,81642.0
