Ozellik,Onem
Segment_Encoded,0.4555913677511591
Recent_Spending,0.2694020388143627
Transaction_Regularity,0.16249771737200883
Days_Since_Last_Purchase,0.11250887606246933
