Ozellik,Onem
Total Spending,0.9999999999982707
Price,1.7292658063098427e-12
