precision,recall,f1-score,support
0.9946324861579099,0.8951298305497989,0.9422615753551006,65624.0
0.6937794785084987,0.9800741718524106,0.8124430086236094,15909.0
0.9117044632234801,0.9117044632234801,0.9117044632234801,0.9117044632234801
0.8442059823332043,0.9376020012011048,0.877352291989355,81533.0
0.9359290102807255,0.9117044632234801,0.916930929136621,81533.0
