precision,recall,f1-score,support
0.9948409986003971,0.9315037181518957,0.9621311088376485,65624.0
0.776223428087818,0.9800741718524106,0.8663184798310923,15909.0
0.9409809524977616,0.9409809524977616,0.9409809524977616,0.9409809524977616
0.8855322133441075,0.9557889450021532,0.9142247943343704,81533.0
0.9521835846786155,0.9409809524977616,0.9434358184047527,81533.0
